	ERR4702530	ERR4702531	ERR4702532	ERR4702533	ERR4702538	ERR4702539	ERR4702540	ERR4702541
Actinobacteriota	37.6709436413838	30.0558446157618	32.2579026593076	33.9840925524223	35.8910412142842	35.4988864142539	36.856807104741	33.2840693815583
Crenarchaeota	3.27648746683991	4.21041161568008	2.06723532363271	1.65331775960843	2.77986799389418	1.89532293986637	2.17688647440714	2.67234545674401
Proteobacteria	23.7280060635591	22.539431746983	23.6243518983108	25.774514711608	22.946273084944	23.4164810690423	27.8217650118477	22.0303913797041
Chloroflexi	7.01315575767419	8.83598027731619	8.5449071751129	6.51732576895267	6.98514393825382	7.44320712694878	5.23415977961433	6.46656545163847
Acidobacteriota	7.24703589410427	8.34781661173009	9.42298043151029	7.11385505311753	8.54384795648528	9.24944320712695	6.6944075208538	10.4878474788053
Bacteroidota	4.51085485355422	3.98539867607399	3.18280648937949	5.42021247010401	3.86558596521403	3.19821826280624	5.21104240112505	3.90976635451235
Verrucomicrobiota	2.7036976882681	3.35067694570814	2.4652951998662	3.207909227432	2.9411132371595	3.39420935412027	1.97653586083338	3.18021201413428
Myxococcota	3.4302420009745	2.853796071808	3.56748620170597	4.54975248901496	3.85053640917593	3.64587973273942	3.9357336877998	3.1493100807481
Firmicutes	0.645335932001516	1.16483696096325	1.11891620672353	0.785638800823183	0.614881860985101	0.808463251670379	1.12889864955981	1.06007067137809
Gemmatimonadota	1.34697634129175	1.77231741534774	2.59575179795953	1.95923021302631	1.70919957861243	1.95991091314031	1.26567647228804	2.43722205054481
Unclassified	0.458015267175573	0.570977144569452	0.289346044489045	0.282273763835586	0.451486681142906	0.432071269487751	0.379510296865669	0.603259482191081
Planctomycetota	5.78311948459748	9.9381623035223	8.43619334336846	6.1919461594082	6.36811214069185	6.44543429844098	4.84309079350402	6.91397170457752
RCP2-54	0.153754534134589	0.124220218475033	0.148854323465462	0.0695255575949719	0.156945370111582	0.191536748329621	0.179159683291915	0.181380913353666
Cyanobacteria	0.242542363705268	0.310550546187583	0.264258237163405	0.34623727682296	0.212843721110227	0.209354120267261	0.231173784892793	0.507866557390265
Fibrobacterota	0.171078988684966	0.0544825519627339	0.0401404917210236	0.17381389398743	0.182744609034034	0.0757238307349666	0.115586892446397	0.00671781160569133
Entotheonellaeota	0.244707920524065	0.388460595494293	0.250878073256397	0.177985427443128	0.146195687227227	0.403118040089087	0.252364715174632	0.436657754369936
Nitrospirota	0.132098965946619	0.107330627366586	0.0869710653955511	0.0597919795316758	0.148345623804098	0.169265033407572	0.206129958196074	0.200190785849602
Bdellovibrionota	0.289101835309404	0.291481653000627	0.286001003512293	0.333722676455865	0.46008642745039	0.251670378619154	0.279334990078792	0.276773838154483
Methylomirabilota	0.0584700341075199	0.125854695033915	0.16223448737247	0.0375438011012848	0.133296067766001	0.162583518930958	0.0192644820743994	0.244528342447164
Patescibacteria	0.293432948946998	0.144923588220872	0.22913530690751	0.368485455253351	0.565433319717068	0.249443207126949	0.427671502051667	0.471590374719531
Desulfobacterota	0.0368144659195496	0.0446756926094418	0.113731393209567	0.104288336392458	0.0515984778449036	0.0423162583518931	0.0577934462231983	0.0564296174878072
Latescibacterota	0.0768772670672947	0.0414067394916778	0.0602107375815354	0.0292007341898882	0.0838475264979683	0.162583518930958	0.0192644820743994	0.229749156914643
Armatimonadota	0.286936278490607	0.350322809120379	0.411440040140492	0.558985483063574	0.397738266721132	0.314031180400891	0.240806025929993	0.553547676308966
NB1-j	0.0259866818255644	0.056117028521616	0.132129118581703	0.12375549251905	0.0300991120761938	0.10467706013363	0.0500876533934385	0.065834553735775
Sumerlaeota	0.035731687510151	0.0457653436486965	0.0418130122093996	0.0625730018354747	0.0924472728054522	0	0.123292685276156	0.0362761826707332
Elusimicrobiota	0.0584700341075199	0.0506687733253426	0.0501756146512795	0.088992713721564	0.135446004342872	0.122494432071269	0.00963224103719971	0.114202797296753
Thermoplasmatota	0.0173244545503763	0.0986134190525484	0.0802809834420472	0	0.0279491754993228	0.0111358574610245	0.0520141016008785	0.231092719235782
WS2	0.00866222727518813	0.0375929608542864	0.0334504097675197	0	0	0.0089086859688196	0.0115586892446397	0.0268712464227653
Dependentiae	0.0119105625033837	0.0277861015009943	0.00334504097675197	0	0.0343989852299357	0.0289532293986637	0.115586892446397	0.0698652406991898
SAR324 clade(Marine group B)	0.0129933409127822	0	0	0	0.00644980973061295	0.066815144766147	0.0173380338669595	0.0040306869634148
Hydrogenedentes	0.0064966704563911	0.0027241275981367	0	0	0	0	0	0.0188098724959357
FCPU426	0.0064966704563911	0.00599308071590073	0.0267603278140157	0	0.0558983509986455	0.0155902004454343	0	0
MBNT15	0.00541389204699258	0.0103516848729194	0.00501756146512795	0	0.0472986046911616	0	0.00770579282975977	0.0161227478536592
Deinococcota	0.00433111363759407	0.00817238279441009	0	0	0	0	0.0134851374520796	0.0147791855325209
Abditibacteriota	0.0064966704563911	0.0196137187065842	0	0.0250292007341899	0.0386988583836777	0.022271714922049	0.0385289641487989	0.0335890580284566
Nanoarchaeota	0	0.0256067994224849	0	0	0.0451486681142906	0	0	0.0080613739268296
WPS-2	0	0.00163447655888202	0	0	0	0	0.00770579282975977	0
